code,description
J02.9,Acute pharyngitis unspecified
J06.9,Acute upper respiratory infection unspecified
J20.9,Acute bronchitis unspecified
J45.909,Unspecified asthma uncomplicated
J44.9,Chronic obstructive pulmonary disease unspecified
J30.2,Other seasonal allergic rhinitis
I10,Essential (primary) hypertension
I50.9,Heart failure unspecified
I48.91,Unspecified atrial fibrillation
I25.10,Atherosclerotic heart disease of native coronary artery without angina pectoris
E11.9,Type 2 diabetes mellitus without complications
E11.65,Type 2 diabetes mellitus with hyperglycemia
R73.03,Prediabetes
E78.5,Hyperlipidemia unspecified
E66.9,Obesity unspecified
E03.9,Hypothyroidism unspecified
E55.9,Vitamin D deficiency unspecified
K21.9,Gastro-esophageal reflux disease without esophagitis
N39.0,Urinary tract infection site not specified
N18.30,Chronic kidney disease stage 3 unspecified
M54.50,Low back pain unspecified
M17.9,Osteoarthritis of knee unspecified
M25.561,Pain in right knee
M10.9,Gout unspecified
G43.909,Migraine unspecified not intractable without status migrainosus
G47.00,Insomnia unspecified
F32.9,Major depressive disorder single episode unspecified
F41.9,Anxiety disorder unspecified
D50.9,Iron deficiency anemia unspecified
L03.90,Cellulitis unspecified
S93.409A,Sprain of unspecified ligament of unspecified ankle initial encounter
Z79.899,Other long term (current) drug therapy
Z71.3,Dietary counseling and surveillance
Z72.0,Tobacco use
